time,latitude,longitude,depth,mag,magType,nst,gap,dmin,rms,net,id,updated,place,type,horizontalError,depthError,magError,magNst,status,locationSource,magSource
2018-11-01T23:54:46.650Z,34.0353333,-116.7521667,10.95,0.56,ml,14,148,0.0866,0.27,ci,ci38345376,2018-11-01T23:58:29.929Z,"14km NNE of Cabazon, CA",earthquake,0.66,1.79,0.136,11,automatic,ci,ci
2018-11-01T23:53:29.622Z,64.4806,-149.4206,15.5,1.4,ml,,,,0.58,ak,ak20310635,2018-11-01T23:57:23.846Z,"18km SW of North Nenana, Alaska",earthquake,,0.2,,,automatic,ak,ak
2018-11-01T23:36:36.710Z,35.2176667,-118.1198333,1.53,1.79,ml,38,54,0.1067,0.21,ci,ci38345360,2018-11-01T23:57:50.220Z,"16km NW of California City, CA",earthquake,0.23,0.63,0.207,22,reviewed,ci,ci
2018-11-01T23:33:50.557Z,63.2042,-150.4502,32.7,1.4,ml,,,,0.79,ak,ak20310457,2018-11-01T23:37:55.561Z,"78km WSW of Cantwell, Alaska",earthquake,,0.7,,,automatic,ak,ak
2018-11-01T23:05:27.554Z,62.291,-149.1783,35,1.4,ml,,,,0.32,ak,ak20310426,2018-11-01T23:08:12.640Z,"37km ENE of Y, Alaska",earthquake,,3.8,,,automatic,ak,ak
2018-11-01T22:59:28.860Z,37.1552,20.5555,10,4.4,mb,,110,2.333,0.77,us,us2000i5nc,2018-11-01T23:20:58.040Z,"66km SSW of Lithakia, Greece",earthquake,5.4,2,0.219,6,reviewed,us,us
2018-11-01T22:53:04.590Z,-27.1902,-71.2447,20.17,4.5,mwr,,136,0.809,1.04,us,us2000i5n5,2018-11-01T23:15:22.040Z,"92km WNW of Copiapo, Chile",earthquake,4.6,5.1,0.053,34,reviewed,us,us
2018-11-01T22:48:56.020Z,61.0778,-152.4438,105.9,1.3,ml,,,,0.53,ak,ak20310421,2018-11-01T23:09:53.579Z,"68km NNE of Redoubt Volcano, Alaska",earthquake,,1.9,,,reviewed,ak,ak
2018-11-01T22:43:58.550Z,37.628,-119.005,-0.15,0.76,md,9,73,0.0153,0.04,nc,nc73104936,2018-11-01T23:41:42.336Z,"2km WSW of Mammoth Lakes, CA",earthquake,0.49,0.59,0.085,5,reviewed,nc,nc
2018-11-01T22:34:44.740Z,47.7731666666667,-122.318,22.4,1.65,ml,9,103,,0.13,uw,uw61502022,2018-11-01T22:56:27.510Z,"1km SSW of Mountlake Terrace, Washington",earthquake,0.39,1.57,0.215804373706319,6,reviewed,uw,uw
2018-11-01T22:31:55.906Z,61.408,-149.898,32.6,1.7,ml,,,,0.5,ak,ak20310226,2018-11-01T22:44:12.230Z,"12km SSE of Big Lake, Alaska",earthquake,,0.2,,,automatic,ak,ak
2018-11-01T22:26:38.360Z,37.5331667,-118.8298333,5.47,1.19,md,25,111,0.05676,0.05,nc,nc73104916,2018-11-01T23:46:43.672Z,"14km WSW of Toms Place, CA",earthquake,0.23,0.79,0.197,19,reviewed,nc,nc
2018-11-01T22:25:15.800Z,42.1968333333333,-122.6255,-1,1.65,ml,9,114,,0.56,uw,uw61502017,2018-11-01T23:05:54.810Z,"6km E of Ashland, Oregon",explosion,1.03,31.61,0.145647202382898,6,reviewed,uw,uw
2018-11-01T22:19:52.180Z,-19.6601,-69.5294,95.03,6.2,mww,,35,0.155,1.06,us,us2000i5mj,2018-11-01T23:50:39.370Z,"89km NE of Iquique, Chile",earthquake,5.8,3.2,0.048,41,reviewed,us,us
2018-11-01T22:10:40.040Z,38.8138351,-122.8136673,2.54,1.39,md,19,51,0.00995,0.04,nc,nc73104911,2018-11-01T22:47:02.689Z,"6km NW of The Geysers, CA",earthquake,0.25,0.53,0.16,5,automatic,nc,nc
2018-11-01T22:10:20.340Z,38.8138351,-122.8143311,2.65,1.49,md,25,51,0.01011,0.04,nc,nc73104906,2018-11-01T22:35:02.620Z,"6km NW of The Geysers, CA",earthquake,0.22,0.47,0.12,6,automatic,nc,nc
2018-11-01T22:09:11.280Z,60.2974,-141.1566,7.5,2.3,ml,,,,0.87,ak,ak20310206,2018-11-01T22:12:28.536Z,"75km ENE of Cape Yakataga, Alaska",earthquake,,0.2,,,automatic,ak,ak
2018-11-01T21:50:23.650Z,33.4956667,-116.788,5.69,0.67,ml,23,80,0.0196,0.1,ci,ci38345288,2018-11-01T22:44:30.910Z,"9km NE of Aguanga, CA",earthquake,0.2,0.57,0.133,14,reviewed,ci,ci
2018-11-01T21:26:10.720Z,33.4893333,-116.7886667,3.86,0.78,ml,29,37,0.02496,0.12,ci,ci38345272,2018-11-01T22:42:27.840Z,"9km NE of Aguanga, CA",earthquake,0.15,0.29,0.085,20,reviewed,ci,ci
2018-11-01T21:16:05.290Z,33.0356667,-115.5743333,3.28,0.68,ml,8,170,0.00687,0.15,ci,ci38345248,2018-11-01T22:57:59.559Z,"4km E of Westmorland, CA",earthquake,0.78,0.32,0.027,2,reviewed,ci,ci
2018-11-01T21:10:46.500Z,36.7147,-116.2938,8.5,-0.1,ml,18,71.99,0.066,0.0948,nn,nn00663761,2018-11-01T22:04:27.595Z,"46km ESE of Beatty, Nevada",earthquake,,1.1,0.3,9,reviewed,nn,nn
2018-11-01T21:06:23.241Z,63.4784,-148.7667,9.9,1.3,ml,,,,0.34,ak,ak20310031,2018-11-01T21:12:44.856Z,"13km NE of Cantwell, Alaska",earthquake,,0.3,,,automatic,ak,ak
2018-11-01T21:01:45.980Z,37.5395,-118.8415,3.09,0.72,md,13,278,0.05139,0.04,nc,nc73104896,2018-11-01T23:56:03.230Z,"14km W of Toms Place, CA",earthquake,0.92,0.89,0.168,12,reviewed,nc,nc
2018-11-01T20:59:04.620Z,61.9243,-149.9787,39.8,1.6,ml,,,,0.62,ak,ak20310018,2018-11-01T21:03:40.642Z,"19km N of Willow, Alaska",earthquake,,1.1,,,automatic,ak,ak
2018-11-01T20:50:33.970Z,33.4981667,-116.7955,3.89,1.07,ml,36,46,0.01473,0.12,ci,ci38345208,2018-11-01T21:04:48.690Z,"9km NE of Aguanga, CA",earthquake,0.14,0.32,0.134,20,reviewed,ci,ci
2018-11-01T20:34:33.170Z,35.2185,-118.118,1.84,1.58,ml,28,54,0.1061,0.19,ci,ci38345176,2018-11-01T20:59:46.086Z,"16km NW of California City, CA",earthquake,0.24,0.61,0.159,24,reviewed,ci,ci
2018-11-01T20:31:17.180Z,45.7128333,-112.1266667,5.89,0.61,ml,5,118,0.214,0.1,mb,mb80318279,2018-11-01T22:01:42.140Z,"17km S of Whitehall, Montana",earthquake,0.5,7.3,0.118,2,reviewed,mb,mb
2018-11-01T20:30:57.870Z,38.8248329,-122.8533325,1.15,0.55,md,8,119,0.01928,0.04,nc,nc73104886,2018-11-01T20:54:04.552Z,"10km WNW of The Geysers, CA",earthquake,0.43,0.76,,1,automatic,nc,nc
2018-11-01T20:30:52.340Z,-6.2504,150.753,10,4.9,mb,,61,2.481,1.08,us,us2000i5kv,2018-11-01T22:23:01.040Z,"102km SE of Kimbe, Papua New Guinea",earthquake,5.5,1.8,0.091,43,reviewed,us,us
2018-11-01T20:30:17.680Z,36.8898315,-121.6084976,1.9,1.66,md,15,75,0.0143,0.08,nc,nc73104881,2018-11-01T22:19:03.523Z,"3km E of Aromas, CA",earthquake,0.27,0.48,0.13,9,automatic,nc,nc
2018-11-01T20:23:24.806Z,39.2806,-115.0784,1.1,2,ml,5,194.42,0.308,0.4521,nn,nn00663753,2018-11-01T20:59:32.610Z,"16km WNW of Ely, Nevada",explosion,,18.4,0.46,3,reviewed,nn,nn
2018-11-01T20:16:18.090Z,34.2205,-117.5138333,7.68,0.6,ml,17,95,0.01722,0.11,ci,ci38345152,2018-11-01T20:50:44.437Z,"4km SSW of Lytle Creek, CA",earthquake,0.26,0.38,0.083,7,reviewed,ci,ci
2018-11-01T20:16:10.085Z,61.5129,-147.8185,29.3,0.9,ml,,,,0.67,ak,ak20309733,2018-11-01T20:20:40.645Z,"61km ESE of Lazy Mountain, Alaska",earthquake,,0.2,,,automatic,ak,ak
2018-11-01T19:55:13.470Z,32.5975,-115.68,10.41,1.37,ml,18,131,0.1669,0.19,ci,ci38345080,2018-11-01T20:31:58.355Z,"9km WNW of Progreso, B.C., MX",earthquake,0.41,0.82,0.206,11,reviewed,ci,ci
2018-11-01T19:44:34.447Z,60.5805,-150.2553,40.6,1.6,ml,,,,0.33,ak,ak20309688,2018-11-01T19:47:33.073Z,"28km E of Sterling, Alaska",earthquake,,0.5,,,automatic,ak,ak
2018-11-01T19:42:57.825Z,40.4465,-117.2836,0,2.2,ml,8,241.11,0.05,0.0644,nn,nn00663766,2018-11-01T21:48:56.002Z,"36km SW of Battle Mountain, Nevada",explosion,,0,0.24,4,reviewed,nn,nn
2018-11-01T19:42:06.700Z,19.4274998,-155.2819977,0.28,2.1,ml,17,82,0.00498,0.11,hv,hv70679077,2018-11-01T19:47:47.090Z,"4km W of Volcano, Hawaii",earthquake,0.23,0.2,0.39,9,automatic,hv,hv
2018-11-01T19:30:20.550Z,-58.0607,-25.1948,25.88,5.8,mww,,78,7.35,0.9,us,us2000i5jk,2018-11-01T23:51:47.078Z,"132km NE of Bristol Island, South Sandwich Islands",earthquake,11.2,4.6,0.071,19,reviewed,us,us
2018-11-01T19:25:05.270Z,35.2277,-97.7464,5,1.8,ml,,91,0.134,0.37,us,us2000i5n4,2018-11-01T23:07:09.085Z,"9km SE of Tuttle, Oklahoma",earthquake,1,1.7,0.074,24,reviewed,us,us
2018-11-01T19:17:35.240Z,37.8976,135.24,346.94,4,mb,,31,2.388,0.94,us,us2000i5ja,2018-11-01T22:39:43.040Z,"177km NW of Hakui, Japan",earthquake,9.4,9,0.064,65,reviewed,us,us
2018-11-01T19:09:35.190Z,61.8757,-150.2792,42,1.4,ml,,,,0.67,ak,ak20309520,2018-11-01T19:18:17.017Z,"19km NW of Willow, Alaska",earthquake,,1,,,automatic,ak,ak
2018-11-01T19:05:36.548Z,37.0986,-116.1627,6.2,-0.1,ml,16,170.86,0.05,0.1537,nn,nn00663765,2018-11-01T21:39:41.651Z,"57km ENE of Beatty, Nevada",earthquake,,1.5,0.52,5,reviewed,nn,nn
2018-11-01T19:04:34.360Z,34.9886667,-118.1908333,-0.8,1.55,ml,10,100,0.1139,0.13,ci,ci38345024,2018-11-01T19:28:44.027Z,"7km SSW of Mojave, CA",quarry blast,0.39,31.61,0.112,8,reviewed,ci,ci
2018-11-01T19:02:01.560Z,19.4096661,-155.2753296,1.3,1.9,md,20,45,0.01148,0.23,hv,hv70679032,2018-11-01T19:07:44.020Z,"4km WSW of Volcano, Hawaii",earthquake,0.3,0.39,0.12,12,automatic,hv,hv
2018-11-01T18:45:41.005Z,65.6001,-151.5182,4.9,1.7,ml,,,,1.08,ak,ak20309511,2018-11-01T18:57:22.625Z,"54km NNE of Tanana, Alaska",earthquake,,0.5,,,automatic,ak,ak
2018-11-01T18:44:41.413Z,65.5754,-151.7484,6.1,1.4,ml,,,,0.88,ak,ak20309510,2018-11-01T18:53:41.379Z,"47km NNE of Tanana, Alaska",earthquake,,0.3,,,automatic,ak,ak
2018-11-01T18:42:04.650Z,36.6930008,-121.3246689,3.24,2.28,md,35,105,0.08237,0.05,nc,nc73104866,2018-11-01T21:09:03.630Z,"11km S of Tres Pinos, CA",earthquake,0.28,1.3,0.17,30,automatic,nc,nc
2018-11-01T18:34:42.702Z,63.5872,-148.6621,0,1.7,ml,,,,0.69,ak,ak20309500,2018-11-01T18:39:07.934Z,"26km NNE of Cantwell, Alaska",earthquake,,0.2,,,automatic,ak,ak
2018-11-01T18:31:01.904Z,37.5105,-114.082,4.8,0.9,ml,9,93.59,0.185,0.2329,nn,nn00663764,2018-11-01T21:30:27.836Z,"32km WSW of Enterprise, Utah",earthquake,,3.5,0.39,6,reviewed,nn,nn
2018-11-01T18:12:46.660Z,23.5911,-45.2532,10,4.8,mb,,95,17.447,1,us,us2000i5it,2018-11-01T19:04:54.040Z,"Northern Mid-Atlantic Ridge",earthquake,12,1.9,0.058,93,reviewed,us,us
2018-11-01T18:12:30.430Z,33.7125,-116.7591667,15.9,0.86,ml,26,72,0.03753,0.1,ci,ci38344512,2018-11-01T18:39:49.516Z,"5km SW of Idyllwild, CA",earthquake,0.21,0.31,0.129,10,reviewed,ci,ci
2018-11-01T18:11:20.600Z,34.2533333,-118.42,8.87,1.57,ml,28,61,0.05677,0.18,ci,ci38344504,2018-11-01T19:21:20.987Z,"4km SSE of San Fernando, CA",earthquake,0.26,0.52,0.118,21,reviewed,ci,ci
2018-11-01T18:09:13.760Z,46.8983333,-112.5665,12.54,1.48,ml,12,113,0.084,0.14,mb,mb80318254,2018-11-01T19:38:28.890Z,"10km SE of Lincoln, Montana",earthquake,0.54,0.7,0.087,3,reviewed,mb,mb
2018-11-01T18:08:19.905Z,60.185,-152.5856,116,2.1,ml,,,,0.59,ak,ak20309334,2018-11-01T18:13:12.770Z,"34km SSE of Redoubt Volcano, Alaska",earthquake,,0.8,,,automatic,ak,ak
2018-11-01T17:55:49.559Z,63.1738,-149.1035,69.6,3.1,ml,,,,0.52,ak,ak20309318,2018-11-01T18:10:01.964Z,"25km SSW of Cantwell, Alaska",earthquake,,0.6,,,automatic,ak,ak
2018-11-01T17:38:56.730Z,33.4888333,-116.7918333,4.61,0.76,ml,30,32,0.02453,0.14,ci,ci38344472,2018-11-01T18:32:30.677Z,"8km NE of Aguanga, CA",earthquake,0.16,0.27,0.104,19,reviewed,ci,ci
2018-11-01T17:25:11.805Z,62.9793,-150.9098,100.5,1.2,ml,,,,0.33,ak,ak20309312,2018-11-01T17:32:12.941Z,"83km NNW of Talkeetna, Alaska",earthquake,,2.1,,,automatic,ak,ak
2018-11-01T17:08:26.007Z,69.6073,-144.5622,7.6,3.1,ml,,,,0.85,ak,ak20309148,2018-11-01T21:57:00.040Z,"67km SSW of Kaktovik, Alaska",earthquake,,1,,,automatic,ak,ak
2018-11-01T16:58:54.850Z,34.0315,-116.5905,11.82,0.97,ml,29,114,0.04822,0.14,ci,ci37410738,2018-11-01T17:16:53.977Z,"2km SSW of Morongo Valley, CA",earthquake,0.23,0.52,0.107,18,reviewed,ci,ci
2018-11-01T16:58:47.470Z,33.492,-116.7906667,6.96,0.15,ml,8,117,0.08571,0.09,ci,ci37412197,2018-11-01T17:21:52.011Z,"9km NE of Aguanga, CA",earthquake,0.33,0.87,0.041,3,reviewed,ci,ci
2018-11-01T16:56:50.980Z,33.4828333,-116.788,4.94,1.59,ml,52,39,0.03121,0.2,ci,ci37410730,2018-11-01T17:12:02.510Z,"8km ENE of Aguanga, CA",earthquake,0.18,0.78,0.097,26,reviewed,ci,ci
2018-11-01T16:55:36.810Z,35.927,-89.9261667,13.11,2.63,md,48,39,0.04928,0.11,nm,nm60217432,2018-11-01T22:19:12.090Z,"0km W of Blytheville, Arkansas",earthquake,0.22,0.29,0.133,27,reviewed,nm,nm
2018-11-01T16:47:19.510Z,31.6531,49.9743,10,4.3,mb,,68,4.959,0.88,us,us2000i5em,2018-11-01T22:05:55.040Z,"54km NE of Ramhormoz, Iran",earthquake,9.3,1.9,0.087,37,reviewed,us,us
2018-11-01T16:36:52.980Z,19.4559994,-155.4513397,6.85,2.1,ml,49,45,0.06971,0.2,hv,hv70678912,2018-11-01T16:42:36.420Z,"22km W of Volcano, Hawaii",earthquake,0.38,0.67,0.2,8,automatic,hv,hv
2018-11-01T16:33:53.400Z,-3.8366,128.9222,96.02,4.4,mb,,94,3.443,0.75,us,us2000i5ej,2018-11-01T19:12:52.040Z,"42km SE of Saparua, Indonesia",earthquake,6.6,5.9,0.108,25,reviewed,us,us
2018-11-01T16:32:17.790Z,35.1463333,-118.643,9.89,1.13,ml,10,76,0.09249,0.05,ci,ci37410690,2018-11-01T17:59:26.276Z,"18km W of Tehachapi, CA",earthquake,0.16,0.4,0.338,6,reviewed,ci,ci
2018-11-01T16:26:45.340Z,38.5539,-118.4686,8.9,0.3,ml,5,145.66,0.085,0.0779,nn,nn00663763,2018-11-01T21:21:08.774Z,"13km ENE of Hawthorne, Nevada",earthquake,,6.1,0,1,reviewed,nn,nn
2018-11-01T16:11:32.845Z,38.3309,-118.9176,6.1,0.4,ml,4,302.34,0.334,0.1322,nn,nn00663760,2018-11-01T21:11:54.889Z,"28km ENE of Bridgeport, California",earthquake,,20.1,0,1,reviewed,nn,nn
2018-11-01T16:11:08.720Z,34.0203333,-117.031,16.87,0.48,ml,13,152,0.1677,0.14,ci,ci37410666,2018-11-01T17:57:28.708Z,"2km SE of Yucaipa, CA",earthquake,0.34,0.83,0.047,5,reviewed,ci,ci
2018-11-01T16:05:38.071Z,38.6701,-119.4987,9,-0.1,ml,3,185.32,0.173,0.001,nn,nn00663759,2018-11-01T21:05:45.060Z,"18km SW of Smith Valley, Nevada",earthquake,,28.9,0,1,reviewed,nn,nn
2018-11-01T15:49:56.730Z,41.0836667,-111.6623333,7.27,1.52,md,10,115,0.1439,0.21,uu,uu60303177,2018-11-01T19:26:29.170Z,"5km NNE of Morgan, Utah",earthquake,0.81,4.48,0.422,5,reviewed,uu,uu
2018-11-01T15:38:55.020Z,19.2043343,-155.5050049,35.88,1.95,md,40,142,0.1068,0.14,hv,hv70678862,2018-11-01T15:42:14.740Z,"2km W of Pahala, Hawaii",earthquake,0.84,1.22,0.1,3,automatic,hv,hv
2018-11-01T15:32:38.000Z,39.232,-120.093,7.7,0.1,ml,7,77.76,0.035,0.0728,nn,nn00663758,2018-11-01T21:02:39.460Z,"3km WSW of Tahoe Vista, California",earthquake,,1.5,0.16,3,reviewed,nn,nn
2018-11-01T15:22:21.000Z,-30.6114,-71.8792,15.24,4.1,mb,,129,0.219,1.14,us,us2000i5dd,2018-11-01T18:56:32.040Z,"65km W of Ovalle, Chile",earthquake,4.8,6.6,0.26,4,reviewed,us,us
2018-11-01T15:14:28.190Z,36.3553352,-120.5920029,5.06,1.62,md,12,146,0.1281,0.19,nc,nc73104826,2018-11-01T16:22:02.868Z,"10km SE of New Idria, CA",earthquake,0.63,1.82,0.27,5,automatic,nc,nc
2018-11-01T14:54:51.790Z,33.6278333,-116.685,12.34,0.59,ml,21,65,0.04201,0.07,ci,ci37410586,2018-11-01T16:56:51.357Z,"8km N of Anza, CA",earthquake,0.16,0.35,0.166,7,reviewed,ci,ci
2018-11-01T14:31:05.350Z,38.5398331,-122.6654968,4.73,1.87,md,5,192,0.1232,0,nc,nc73104821,2018-11-01T15:56:02.677Z,"8km ENE of Larkfield-Wikiup, CA",earthquake,0.9,1.8,0.2,5,automatic,nc,nc
2018-11-01T14:29:55.230Z,37.4876667,-118.8358333,0.78,1.28,md,25,125,0.1023,0.05,nc,nc73104816,2018-11-01T20:16:03.322Z,"16km WSW of Toms Place, CA",earthquake,0.33,31.61,0.244,22,reviewed,nc,nc
2018-11-01T14:28:53.282Z,63.0452,-149.995,82.2,1.1,ml,,,,0.77,ak,ak20308972,2018-11-01T14:33:59.890Z,"65km SW of Cantwell, Alaska",earthquake,,0.6,,,automatic,ak,ak
2018-11-01T14:27:11.370Z,35.9626667,-117.9063333,2.11,0.67,ml,14,141,0.0468,0.08,ci,ci37410554,2018-11-01T17:49:18.703Z,"3km N of Little Lake, CA",earthquake,0.19,0.16,0.186,8,reviewed,ci,ci
2018-11-01T14:14:07.482Z,38.7329,-119.5905,9.5,0.6,ml,4,163.68,0.258,0.0421,nn,nn00663731,2018-11-01T15:36:12.058Z,"21km SE of Gardnerville Ranchos, Nevada",earthquake,,33.1,0.07,3,reviewed,nn,nn
2018-11-01T14:13:26.700Z,33.4866667,-116.7831667,3.88,0.28,ml,21,56,0.02938,0.14,ci,ci37410546,2018-11-01T17:47:02.645Z,"9km ENE of Aguanga, CA",earthquake,0.21,0.4,0.127,6,reviewed,ci,ci
2018-11-01T14:03:03.147Z,61.8344,-149.0594,0,1.4,ml,,,,0.77,ak,ak20308812,2018-11-01T14:06:54.795Z,"11km WNW of Sutton-Alpine, Alaska",earthquake,,0.3,,,automatic,ak,ak
2018-11-01T14:01:54.118Z,63.4466,-148.7844,2,1.4,ml,,,,0.82,ak,ak20308810,2018-11-01T14:05:13.587Z,"10km NE of Cantwell, Alaska",earthquake,,0.4,,,automatic,ak,ak
2018-11-01T14:01:39.020Z,36.6293,71.0196,216.74,4,mb,,110,1.034,0.59,us,us2000i59t,2018-11-01T14:21:34.040Z,"30km SSE of Jarm, Afghanistan",earthquake,8.6,8.2,0.156,11,reviewed,us,us
2018-11-01T13:55:29.530Z,19.4015007,-155.2830048,0.24,1.95,ml,15,51,0.01074,0.19,hv,hv70678777,2018-11-01T14:01:12.290Z,"5km SW of Volcano, Hawaii",earthquake,0.18,0.35,0.22,12,automatic,hv,hv
2018-11-01T13:50:48.820Z,44.2726667,-114.9481667,0.24,1.68,ml,7,110,0.808,0.19,mb,mb80318209,2018-11-01T15:01:11.470Z,"62km WSW of Challis, Idaho",earthquake,0.64,4.88,0.18,6,reviewed,mb,mb
2018-11-01T13:46:03.930Z,44.2663333,-114.9476667,3.18,1.57,ml,7,110,0.802,0.22,mb,mb80318204,2018-11-01T15:51:34.290Z,"62km WSW of Challis, Idaho",earthquake,0.74,6.14,0.225,6,reviewed,mb,mb
2018-11-01T13:43:29.360Z,37.6238333,-119.1176667,2.56,0.44,md,10,276,0.03156,0.02,nc,nc73104796,2018-11-01T16:55:25.310Z,"12km W of Mammoth Lakes, CA",earthquake,0.51,0.31,0.133,8,reviewed,nc,nc
2018-11-01T13:31:48.170Z,33.4916667,-116.7873333,4.3,0.76,ml,30,35,0.08459,0.16,ci,ci37410514,2018-11-01T15:58:26.860Z,"9km NE of Aguanga, CA",earthquake,0.19,0.47,0.117,20,reviewed,ci,ci
2018-11-01T13:28:37.300Z,37.6166667,-119.1356667,2.32,2.46,md,40,61,0.04735,0.06,nc,nc73104791,2018-11-01T20:31:02.424Z,"14km W of Mammoth Lakes, CA",earthquake,0.29,0.41,0.254,37,reviewed,nc,nc
2018-11-01T13:27:07.910Z,33.5143333,-116.7983333,4.11,0.57,ml,23,41,0.002583,0.12,ci,ci37410506,2018-11-01T15:57:52.271Z,"10km NE of Aguanga, CA",earthquake,0.18,0.38,0.112,17,reviewed,ci,ci
2018-11-01T13:21:05.460Z,33.4921667,-116.7913333,4.96,0.26,ml,20,96,0.02151,0.12,ci,ci37410490,2018-11-01T16:41:18.384Z,"9km NE of Aguanga, CA",earthquake,0.21,0.5,0.118,5,reviewed,ci,ci
2018-11-01T13:19:27.070Z,17.7885,-66.887,17,1.81,md,3,271,0.2397,0.2,pr,pr2018305006,2018-11-01T16:07:26.121Z,"20km S of Guanica, Puerto Rico",earthquake,3.38,8.6,0.09,3,reviewed,pr,pr
2018-11-01T13:17:18.190Z,34.1651667,-117.6355,9.27,1.59,ml,67,88,0.04441,0.14,ci,ci37410482,2018-11-01T17:44:02.050Z,"7km NW of Rancho Cucamonga, CA",earthquake,0.14,0.24,0.154,20,reviewed,ci,ci
2018-11-01T13:17:07.077Z,61.6655,-150.975,55,1.9,ml,,,,0.47,ak,ak20308803,2018-11-01T13:22:10.261Z,"50km W of Willow, Alaska",earthquake,,0.7,,,automatic,ak,ak
2018-11-01T13:03:54.130Z,33.4761667,-116.4843333,10.54,0.61,ml,24,142,0.09,0.18,ci,ci37410458,2018-11-01T15:58:07.271Z,"20km ESE of Anza, CA",earthquake,0.42,0.65,0.12,14,reviewed,ci,ci
2018-11-01T13:02:09.027Z,59.5287,-138.899,1.1,3,ml,,,,0.85,ak,ak20308649,2018-11-01T16:53:23.040Z,"46km E of Yakutat, Alaska",earthquake,,0.3,,,automatic,ak,ak
2018-11-01T13:00:59.860Z,38.8325005,-122.793335,1.59,0.8,md,9,180,0.006346,0.02,nc,nc73104786,2018-11-01T14:19:02.124Z,"6km W of Cobb, CA",earthquake,0.62,0.47,0.06,2,automatic,nc,nc
2018-11-01T12:52:31.160Z,11.0212,-86.6736,29.63,4.5,mb,,200,1.195,0.55,us,us2000i59s,2018-11-01T14:31:08.040Z,"86km SSW of Masachapa, Nicaragua",earthquake,9.2,10.7,0.086,40,reviewed,us,us
2018-11-01T12:50:12.840Z,33.505,-116.797,2.87,1.16,ml,50,30,0.007865,0.15,ci,ci37410442,2018-11-01T15:58:32.480Z,"9km NE of Aguanga, CA",earthquake,0.15,0.58,0.103,27,reviewed,ci,ci
2018-11-01T12:40:41.848Z,69.3717,-144.1036,0,2.4,ml,,,,0.57,ak,ak20308646,2018-11-01T12:54:14.453Z,"86km SSW of Kaktovik, Alaska",earthquake,,0.8,,,automatic,ak,ak
2018-11-01T12:33:49.370Z,37.0747,-114.8639,12.4,1.1,ml,14,226.6,0.364,0.1631,nn,nn00663720,2018-11-01T18:10:31.182Z,"41km SE of Alamo, Nevada",earthquake,,2.4,0.13,6,reviewed,nn,nn
2018-11-01T12:31:03.100Z,33.4403333,-116.4278333,6.87,0.38,ml,19,144,0.1242,0.11,ci,ci37410434,2018-11-01T17:33:15.828Z,"21km NNW of Borrego Springs, CA",earthquake,0.25,0.56,0.153,9,reviewed,ci,ci
2018-11-01T12:20:59.640Z,45.827,-111.7385,6.18,-0.09,ml,4,131,0.098,0.03,mb,mb80318249,2018-11-01T17:44:11.740Z,"16km WSW of Three Forks, Montana",earthquake,0.38,1.38,,0,reviewed,mb,mb
2018-11-01T12:13:54.570Z,37.6116667,-118.8276667,4.65,0.39,md,12,176,0.02163,0.07,nc,nc73104781,2018-11-01T17:38:03.203Z,"14km ESE of Mammoth Lakes, CA",earthquake,0.63,0.71,0.24,10,reviewed,nc,nc
2018-11-01T12:10:33.205Z,36.9116,-116.0292,2.7,-0.3,ml,4,270.57,0.031,0.0355,nn,nn00663741,2018-11-01T19:15:13.394Z,"65km E of Beatty, Nevada",earthquake,,4.9,0.25,3,reviewed,nn,nn
2018-11-01T12:06:27.050Z,18.9018333,-155.1923333,36.38,2.12,md,59,253,0.3588,0.11,hv,hv70678697,2018-11-01T22:48:19.870Z,"45km SE of Pahala, Hawaii",earthquake,0.64,1.22,0.145,27,reviewed,hv,hv
2018-11-01T12:05:30.520Z,37.4476662,-121.8011703,5.53,1.58,md,14,86,0.002752,0.04,nc,nc73104776,2018-11-01T13:51:04.956Z,"9km NNE of Alum Rock, CA",earthquake,0.36,0.39,0.16,12,automatic,nc,nc
2018-11-01T12:02:20.790Z,46.8905,-112.5228333,13.79,1.07,ml,10,108,0.112,0.11,mb,mb80318174,2018-11-01T14:57:05.050Z,"14km ESE of Lincoln, Montana",earthquake,0.4,0.59,0.235,2,reviewed,mb,mb
2018-11-01T12:01:57.693Z,38.1486,-119.007,11.1,1,ml,9,136.09,0.408,0.156,nn,nn00663718,2018-11-01T17:58:11.591Z,"22km ESE of Bridgeport, California",earthquake,,5.6,0.25,3,reviewed,nn,nn
2018-11-01T11:53:47.559Z,61.9977,-150.556,14.7,1.9,ml,,,,0.97,ak,ak20308641,2018-11-01T11:57:23.690Z,"39km NW of Willow, Alaska",earthquake,,0.3,,,automatic,ak,ak
2018-11-01T11:51:09.074Z,36.5438,-116.2585,9,0.2,ml,15,128.11,0.093,0.1292,nn,nn00663716,2018-11-01T17:48:56.101Z,"44km NNW of Pahrump, Nevada",earthquake,,1.8,0.11,4,reviewed,nn,nn
2018-11-01T11:49:36.030Z,33.4983333,-116.7978333,3.06,0.48,ml,19,80,0.01416,0.12,ci,ci37410410,2018-11-01T15:58:26.276Z,"9km NE of Aguanga, CA",earthquake,0.24,0.64,0.131,13,reviewed,ci,ci
2018-11-01T11:49:17.379Z,36.5438,-116.2553,7.5,0.1,ml,10,129.85,0.094,0.1399,nn,nn00663715,2018-11-01T17:33:28.944Z,"44km NNW of Pahrump, Nevada",earthquake,,2.5,0.03,3,reviewed,nn,nn
2018-11-01T11:48:39.280Z,33.493,-116.7948333,2.74,1.25,ml,52,33,0.01986,0.2,ci,ci37410402,2018-11-01T15:59:38.170Z,"9km NE of Aguanga, CA",earthquake,0.19,0.44,0.123,28,reviewed,ci,ci
2018-11-01T11:45:40.589Z,69.4441,-144.8609,4.5,2.2,ml,,,,0.62,ak,ak20308638,2018-11-01T11:57:23.956Z,"90km SSW of Kaktovik, Alaska",earthquake,,2.8,,,automatic,ak,ak
2018-11-01T11:37:39.170Z,35.2177,-97.7026,5,1.9,mb_lg,,72,0.128,0.58,us,us2000i580,2018-11-01T20:55:35.040Z,"9km WSW of Newcastle, Oklahoma",earthquake,1,1.6,0.228,5,reviewed,us,us
2018-11-01T11:30:25.802Z,65.1885,-151.2849,7.7,1.9,ml,,,,0.99,ak,ak20308634,2018-11-01T11:39:32.682Z,"37km E of Tanana, Alaska",earthquake,,0.2,,,automatic,ak,ak
2018-11-01T11:23:38.740Z,35.7849998,-121.0853348,-0.05,2.34,md,42,97,0.1694,0.17,nc,nc73104771,2018-11-01T13:26:02.792Z,"18km NNE of San Simeon, CA",earthquake,0.38,5.5,0.13,28,automatic,nc,nc
2018-11-01T11:13:10.160Z,8.2462,-83.0311,10,4.7,mb,,135,0.641,0.7,us,us2000i58n,2018-11-01T21:05:12.260Z,"18km WSW of Puerto Armuelles, Panama",earthquake,2.5,1.9,0.05,122,reviewed,us,us
2018-11-01T11:04:40.540Z,38.833168,-122.8304977,2.24,1.05,md,11,126,0.00667,0.02,nc,nc73104761,2018-11-01T11:58:02.305Z,"9km NW of The Geysers, CA",earthquake,0.54,0.58,,1,automatic,nc,nc
2018-11-01T11:03:45.790Z,33.4953333,-116.795,2.88,-0.18,ml,9,240,0.01757,0.05,ci,ci37410386,2018-11-01T17:24:25.780Z,"9km NE of Aguanga, CA",earthquake,0.39,0.36,0.032,2,reviewed,ci,ci
2018-11-01T11:03:14.110Z,33.4975,-116.7938333,3.32,0.57,ml,28,40,0.0158,0.11,ci,ci37410378,2018-11-01T17:12:05.720Z,"9km NE of Aguanga, CA",earthquake,0.14,0.38,0.11,18,reviewed,ci,ci
2018-11-01T11:02:24.830Z,18.0133,-67.1241,18,1.22,md,4,253,0.0161,0.03,pr,pr2018305005,2018-11-01T16:06:18.217Z,"4km ESE of Boqueron, Puerto Rico",earthquake,0.92,0.43,0.38,4,reviewed,pr,pr
2018-11-01T11:00:44.180Z,36.9568333,-121.5896667,3.79,0.74,md,15,60,0.006293,0.05,nc,nc73104751,2018-11-01T19:03:03.714Z,"6km SSW of Gilroy, CA",earthquake,0.24,0.34,0.042,11,reviewed,nc,nc
2018-11-01T10:52:26.960Z,36.0098333,-120.5713333,3.01,0.97,md,20,108,0.02816,0.07,nc,nc73104741,2018-11-01T18:31:02.509Z,"18km NW of Parkfield, CA",earthquake,0.25,0.51,0.416,10,reviewed,nc,nc
2018-11-01T10:39:12.130Z,38.809166,-122.7935028,2.32,2.22,md,33,59,0.01082,0.04,nc,nc73104731,2018-11-01T11:49:03.244Z,"5km NW of The Geysers, CA",earthquake,0.2,0.34,0.16,9,automatic,nc,nc
2018-11-01T10:05:16.591Z,63.5449,-147.4978,0,1.6,ml,,,,0.8,ak,ak20308625,2018-11-01T10:09:45.424Z,"74km ENE of Cantwell, Alaska",earthquake,,0.3,,,automatic,ak,ak
2018-11-01T09:55:12.068Z,66.8781,-146.9221,6.4,1.6,ml,,,,0.96,ak,ak20308622,2018-11-01T10:05:52.933Z,"80km WNW of Fort Yukon, Alaska",earthquake,,0.5,,,automatic,ak,ak
2018-11-01T09:52:30.530Z,38.8313332,-122.8718338,2.36,0.54,md,5,89,0.02553,0,nc,nc73104716,2018-11-01T11:06:01.997Z,"12km WNW of The Geysers, CA",earthquake,0.57,2.83,,1,automatic,nc,nc
2018-11-01T09:52:13.071Z,59.4781,-152.7129,65.2,2.2,ml,,,,0.54,ak,ak20308618,2018-11-01T16:49:21.549Z,"59km WSW of Anchor Point, Alaska",earthquake,,0.6,,,automatic,ak,ak
2018-11-01T09:49:27.630Z,38.8396683,-122.8256683,1.39,0.56,md,9,93,0.007743,0.01,nc,nc73104711,2018-11-01T10:39:03.840Z,"9km WNW of Cobb, CA",earthquake,0.41,0.77,,1,automatic,nc,nc
2018-11-01T09:48:22.870Z,35.7406667,-84.0478333,11.18,2.08,md,9,136,0.1384,0.15,se,se60067823,2018-11-01T17:18:16.077Z,"7km WSW of Maryville, Tennessee",earthquake,0.75,1.69,0.06,6,reviewed,se,se
2018-11-01T09:35:31.710Z,19.1906667,-155.4436667,32.81,1.74,md,35,160,0.06383,0.1,hv,hv70678552,2018-11-01T23:01:27.900Z,"4km ESE of Pahala, Hawaii",earthquake,0.53,0.71,0.047,16,reviewed,hv,hv
2018-11-01T09:26:49.071Z,59.0213,-153.2444,79,1.8,ml,,,,0.63,ak,ak20308612,2018-11-01T09:34:35.844Z,"116km SW of Anchor Point, Alaska",earthquake,,0.9,,,automatic,ak,ak
2018-11-01T09:11:56.280Z,33.4951667,-116.4895,13.76,0.6,ml,27,96,0.06029,0.13,ci,ci37410362,2018-11-01T17:06:44.845Z,"18km ESE of Anza, CA",earthquake,0.28,0.42,0.101,13,reviewed,ci,ci
2018-11-01T09:09:07.998Z,38.3592,-115.8232,0,1.5,ml,10,135.37,0.187,0.17,nn,nn00663700,2018-11-01T17:24:13.582Z,"51km ENE of Warm Springs, Nevada",earthquake,,0,0.33,2,reviewed,nn,nn
2018-11-01T09:04:24.630Z,33.5133333,-116.7616667,11.3,0.86,ml,37,30,0.03233,0.15,ci,ci37410354,2018-11-01T15:59:42.740Z,"9km WSW of Anza, CA",earthquake,0.19,0.48,0.153,22,reviewed,ci,ci
2018-11-01T09:03:03.830Z,33.7063333,-116.8115,15.3,0.63,ml,30,62,0.08128,0.15,ci,ci37410346,2018-11-01T19:56:38.474Z,"9km ESE of Valle Vista, CA",earthquake,0.25,0.4,0.127,12,reviewed,ci,ci
2018-11-01T08:59:32.790Z,33.7043333,-116.8138333,15.4,0.64,ml,34,62,0.07937,0.17,ci,ci37410338,2018-11-01T19:49:53.856Z,"9km ESE of Valle Vista, CA",earthquake,0.27,0.39,0.13,13,reviewed,ci,ci
2018-11-01T08:52:11.520Z,33.6971667,-116.815,14.26,1.9,ml,73,20,0.07236,0.18,ci,ci37410330,2018-11-01T16:00:47.690Z,"9km SE of Valle Vista, CA",earthquake,0.18,0.3,0.257,26,reviewed,ci,ci
2018-11-01T08:46:18.760Z,18.7941,-67.3015,8,2.55,md,4,328,0.6549,0.1,pr,pr2018305004,2018-11-01T11:49:46.767Z,"39km NNW of San Antonio, Puerto Rico",earthquake,1.59,2.44,0.1,4,reviewed,pr,pr
2018-11-01T08:44:41.190Z,38.7851677,-122.7570038,1.57,0.94,md,9,96,0.01596,0.03,nc,nc73104701,2018-11-01T09:53:02.554Z,"1km N of The Geysers, CA",earthquake,0.3,0.49,0.07,2,automatic,nc,nc
2018-11-01T08:42:18.000Z,35.2425,-97.7339,6.2,2.4,mb_lg,,63,0.116,0.33,us,us2000i563,2018-11-01T16:05:11.562Z,"8km SE of Tuttle, Oklahoma",earthquake,1.7,2.8,0.079,42,reviewed,us,us
2018-11-01T08:17:40.110Z,38.7786674,-122.7408371,0.76,1.06,md,7,137,0.005581,0.01,nc,nc73104696,2018-11-01T09:26:02.409Z,"1km E of The Geysers, CA",earthquake,0.34,0.45,0.06,3,automatic,nc,nc
2018-11-01T08:01:52.180Z,19.1913338,-155.6906738,-0.13,1.95,md,39,75,0.06129,0.2,hv,hv70678457,2018-11-01T08:05:13.430Z,"15km NNE of Hawaiian Ocean View, Hawaii",earthquake,0.51,0.55,0.12,9,automatic,hv,hv
2018-11-01T07:56:40.140Z,33.4985,-116.7973333,2.68,0.66,ml,27,32,0.01406,0.19,ci,ci37410322,2018-11-01T16:00:54.530Z,"9km NE of Aguanga, CA",earthquake,0.23,0.36,0.125,20,reviewed,ci,ci
2018-11-01T07:44:48.344Z,68.9521,-144.2178,0.5,2.8,ml,,,,1.14,ak,ak20308306,2018-11-01T07:49:08.620Z,"106km NNE of Arctic Village, Alaska",earthquake,,0.6,,,automatic,ak,ak
2018-11-01T07:36:26.200Z,33.4963333,-116.7753333,3.79,0.19,ml,21,89,0.02632,0.1,ci,ci37410314,2018-11-01T16:28:02.629Z,"10km NE of Aguanga, CA",earthquake,0.16,0.33,0.154,4,reviewed,ci,ci
2018-11-01T07:28:17.950Z,19.1714993,-155.4793396,32.46,1.86,md,31,165,0.02283,0.17,hv,hv70678407,2018-11-01T07:31:31.150Z,"3km S of Pahala, Hawaii",earthquake,0.99,1.14,0.06,3,automatic,hv,hv
2018-11-01T07:24:07.740Z,33.4963333,-116.7916667,4.15,0.31,ml,22,36,0.01756,0.09,ci,ci37410306,2018-11-01T17:02:25.634Z,"9km NE of Aguanga, CA",earthquake,0.15,0.24,0.092,7,reviewed,ci,ci
2018-11-01T07:23:10.940Z,33.5083333,-116.7955,4.29,0.43,ml,25,38,0.005712,0.12,ci,ci37410298,2018-11-01T16:55:19.209Z,"10km NE of Aguanga, CA",earthquake,0.18,0.29,0.107,9,reviewed,ci,ci
2018-11-01T07:22:55.780Z,33.4878333,-116.7911667,4.93,0.17,ml,23,62,0.02565,0.1,ci,ci37410290,2018-11-01T16:51:47.849Z,"8km NE of Aguanga, CA",earthquake,0.18,0.43,0.106,6,reviewed,ci,ci
2018-11-01T07:21:51.362Z,60.5776,-150.6664,35.3,1.4,ml,,,,0.84,ak,ak20308299,2018-11-01T07:34:50.925Z,"7km NE of Sterling, Alaska",earthquake,,0.8,,,automatic,ak,ak
2018-11-01T07:13:06.570Z,35.2167,-97.6968,5,2.1,ml,,65,0.128,0.3,us,us2000i55h,2018-11-01T08:57:53.040Z,"9km WSW of Newcastle, Oklahoma",earthquake,0.9,1.7,0.066,30,reviewed,us,us
2018-11-01T07:11:14.600Z,18.0421,-66.0968,23,1.6,md,5,109,0.0773,0.21,pr,pr2018305003,2018-11-01T11:48:03.215Z,"4km NNE of Olimpo, Puerto Rico",earthquake,1.22,1.65,0.58,4,reviewed,pr,pr
2018-11-01T07:10:37.167Z,59.8571,-141.4058,6.1,2.7,ml,,,,0.87,ak,ak20308292,2018-11-01T07:22:42.040Z,"61km ESE of Cape Yakataga, Alaska",earthquake,,0.2,,,automatic,ak,ak
2018-11-01T07:08:48.430Z,19.9618333,-155.4455,36.82,2.05,md,25,243,0.1238,0.13,hv,hv70678387,2018-11-01T21:41:13.790Z,"13km SSE of Honoka'a, Hawaii",earthquake,0.67,0.71,0.096,10,reviewed,hv,hv
2018-11-01T06:52:14.070Z,33.3911667,-116.4321667,8.36,1.26,ml,46,94,0.1152,0.22,ci,ci37410282,2018-11-01T16:00:59.070Z,"16km NNW of Borrego Springs, CA",earthquake,0.28,0.92,0.188,25,reviewed,ci,ci
2018-11-01T06:48:09.960Z,37.6101667,-118.8768333,9.53,0.38,md,18,108,0.01411,0.09,nc,nc73104681,2018-11-01T17:28:03.146Z,"10km ESE of Mammoth Lakes, CA",earthquake,0.56,1.43,0.187,14,reviewed,nc,nc
2018-11-01T06:39:30.192Z,38.516,-115.767,6.5,1.1,ml,5,250.21,0.22,0.2757,nn,nn00663733,2018-11-01T17:08:49.420Z,"35km SW of Currant, Nevada",earthquake,,6.9,0.26,2,reviewed,nn,nn
2018-11-01T06:37:52.250Z,37.532,-118.8295,5.42,0.78,md,23,181,0.05793,0.04,nc,nc73104676,2018-11-01T16:29:52.846Z,"14km WSW of Toms Place, CA",earthquake,0.59,0.68,0.174,21,reviewed,nc,nc
2018-11-01T06:37:14.430Z,36.2406,-98.1534,5.94,2.5,mb_lg,,61,0.266,0.15,us,us2000i54y,2018-11-01T07:54:22.267Z,"20km NE of Okeene, Oklahoma",earthquake,0.9,5.2,0.086,35,reviewed,us,us
2018-11-01T06:31:35.090Z,33.4836667,-116.7915,4.42,0.96,ml,46,39,0.02957,0.2,ci,ci37410274,2018-11-01T16:02:02.350Z,"8km ENE of Aguanga, CA",earthquake,0.22,0.47,0.187,27,reviewed,ci,ci
2018-11-01T06:31:08.700Z,-22.328,-68.7009,101.68,4.8,mb,,48,0.343,1.07,us,us2000i55r,2018-11-01T08:18:08.040Z,"28km ENE of Calama, Chile",earthquake,5.6,5,0.039,208,reviewed,us,us
2018-11-01T06:27:50.640Z,60.2072,-139.9117,4.1,1.7,ml,,,,0.79,ak,ak20308290,2018-11-01T06:34:08.384Z,"74km N of Yakutat, Alaska",earthquake,,0.3,,,automatic,ak,ak
2018-11-01T06:27:07.313Z,38.3646,-115.8152,3.1,2.2,ml,13,75.68,0.181,0.1085,nn,nn00663690,2018-11-01T16:25:23.870Z,"51km SW of Currant, Nevada",earthquake,,3.3,0.17,7,reviewed,nn,nn
2018-11-01T06:24:21.100Z,37.6446667,-122.0503333,4.93,1.66,md,56,35,0.03101,0.14,nc,nc73104666,2018-11-01T23:42:03.143Z,"2km E of Hayward, CA",earthquake,0.13,0.33,0.194,47,reviewed,nc,nc
2018-11-01T06:16:35.350Z,37.6431667,-118.9465,4.7,0.39,md,20,62,0.02345,0.05,nc,nc73104661,2018-11-01T17:18:03.084Z,"3km ENE of Mammoth Lakes, CA",earthquake,0.25,0.34,0.159,18,reviewed,nc,nc
2018-11-01T06:14:49.600Z,45.945,-121.963,14.16,0.89,ml,8,286,,0.19,uw,uw61501902,2018-11-01T06:54:49.030Z,"26km NNW of Carson, Washington",earthquake,1.11,2.16,0.0471086622837423,4,reviewed,uw,uw
2018-11-01T06:13:37.130Z,33.4808333,-116.7838333,5.05,0.1,ml,15,94,0.03435,0.08,ci,ci37410266,2018-11-01T16:47:25.822Z,"9km ENE of Aguanga, CA",earthquake,0.17,0.41,0.058,6,reviewed,ci,ci
2018-11-01T06:08:23.350Z,2.3768,122.109,569.85,4.3,mb,,77,1.827,0.61,us,us2000i58x,2018-11-01T13:15:36.040Z,"154km NNE of Kali, Indonesia",earthquake,5.8,8.9,0.074,51,reviewed,us,us
2018-11-01T05:56:14.355Z,62.2981,-150.3183,19.1,1.4,ml,,,,0.34,ak,ak20308143,2018-11-01T06:05:43.765Z,"11km WSW of Talkeetna, Alaska",earthquake,,0.8,,,automatic,ak,ak
2018-11-01T05:52:01.547Z,69.4189,-144.3379,0,2.3,ml,,,,0.8,ak,ak20308140,2018-11-01T05:58:49.450Z,"84km SSW of Kaktovik, Alaska",earthquake,,0.7,,,automatic,ak,ak
2018-11-01T05:50:15.820Z,48.159,-122.472833333333,20.66,1.89,ml,37,46,,0.23,uw,uw61501897,2018-11-01T06:47:46.250Z,"4km ESE of Camano, Washington",earthquake,0.3,0.89,0.112516977403916,21,reviewed,uw,uw
2018-11-01T05:47:09.960Z,60.2499,-140.9911,0,1.6,ml,,,,0.81,ak,ak20308138,2018-11-01T05:51:24.744Z,"82km ENE of Cape Yakataga, Alaska",earthquake,,0.4,,,automatic,ak,ak
2018-11-01T05:45:38.000Z,62.5779,-151.2746,80.3,2.2,ml,,,,0.77,ak,ak20308134,2018-11-01T05:58:49.182Z,"66km WNW of Talkeetna, Alaska",earthquake,,0.6,,,automatic,ak,ak
2018-11-01T05:41:03.680Z,45.4503333333333,-122.651,16.2,1.26,ml,21,111,,0.21,uw,uw61501892,2018-11-01T06:30:47.120Z,"1km WNW of Milwaukie, Oregon",earthquake,0.49,3.12,0.108295839809369,7,reviewed,uw,uw
2018-11-01T05:34:30.930Z,37.1492,20.6093,10,4.5,mb,,140,2.637,0.74,us,us2000i54d,2018-11-01T06:06:25.040Z,"66km SSW of Lithakia, Greece",earthquake,7.3,1.9,0.139,15,reviewed,us,us
2018-11-01T05:27:07.617Z,64.0247,-148.883,0,1.6,ml,,,,1.12,ak,ak20308129,2018-11-01T05:33:55.601Z,"19km NNE of Healy, Alaska",earthquake,,0.5,,,automatic,ak,ak
2018-11-01T05:21:53.046Z,38.3735,-115.8253,1.1,1.3,ml,5,223.82,0.19,0.0957,nn,nn00663739,2018-11-01T18:59:51.693Z,"51km ENE of Warm Springs, Nevada",earthquake,,6.1,0,1,reviewed,nn,nn
2018-11-01T05:17:06.000Z,46.132,-122.166333333333,5.76,0.66,ml,10,100,,0.09,uw,uw61501887,2018-11-01T06:16:22.730Z,"32km NE of Amboy, Washington",earthquake,0.55,0.42,0.284529624271184,9,reviewed,uw,uw
2018-11-01T05:14:51.277Z,38.3934,-115.8338,1,1.6,ml,14,155.99,0.2,0.2218,nn,nn00663685,2018-11-01T16:59:33.893Z,"49km SW of Currant, Nevada",earthquake,,2.9,0.32,8,reviewed,nn,nn
2018-11-01T05:12:52.070Z,33.5785,-116.5886667,13.91,0.63,ml,24,73,0.02056,0.15,ci,ci37410258,2018-11-01T16:01:05.024Z,"8km ENE of Anza, CA",earthquake,0.24,0.38,0.197,20,reviewed,ci,ci
2018-11-01T05:11:00.010Z,33.5011667,-116.794,2.68,0.22,ml,21,58,0.01237,0.16,ci,ci37410250,2018-11-01T16:24:29.228Z,"9km NE of Aguanga, CA",earthquake,0.2,0.2,0.15,4,reviewed,ci,ci
2018-11-01T05:07:52.154Z,38.3008,-115.7509,3.8,1.1,ml,11,185.96,0.139,0.251,nn,nn00663688,2018-11-01T05:38:06.379Z,"54km SSW of Currant, Nevada",earthquake,,5,0.22,7,reviewed,nn,nn
2018-11-01T05:05:53.964Z,38.3711,-115.847,0,1.2,ml,4,231.89,0.207,0.1612,nn,nn00663737,2018-11-01T18:53:40.759Z,"49km ENE of Warm Springs, Nevada",earthquake,,0,0,1,reviewed,nn,nn
2018-11-01T05:05:28.240Z,33.9903333,-116.9678333,17.62,1.04,ml,47,42,0.06958,0.13,ci,ci37410242,2018-11-01T16:40:16.060Z,"7km N of Beaumont, CA",earthquake,0.15,0.47,0.183,22,reviewed,ci,ci
2018-11-01T05:05:16.220Z,35.2663,-97.7066,5,1.3,mb_lg,,72,0.084,1,us,us2000i567,2018-11-01T09:14:58.040Z,"9km WNW of Newcastle, Oklahoma",earthquake,1.3,1.5,0.295,3,reviewed,us,us
2018-11-01T05:05:00.714Z,38.3499,-115.8155,0,1.2,ml,4,222.12,0.181,0.0922,nn,nn00663738,2018-11-01T18:56:46.078Z,"51km ENE of Warm Springs, Nevada",earthquake,,0,0,1,reviewed,nn,nn
2018-11-01T05:03:21.770Z,33.4965,-116.7985,2.92,1.04,ml,52,33,0.0159,0.21,ci,ci37410234,2018-11-01T16:02:08.950Z,"9km NE of Aguanga, CA",earthquake,0.18,0.58,0.115,25,reviewed,ci,ci
2018-11-01T05:02:00.916Z,60.0593,-141.2182,9.8,1.5,ml,,,,0.9,ak,ak20308121,2018-11-01T05:04:40.402Z,"67km E of Cape Yakataga, Alaska",earthquake,,0.8,,,automatic,ak,ak
2018-11-01T04:58:51.210Z,37.29,-122.2063333,2.78,1.89,md,44,73,0.05113,0.19,nc,nc73104656,2018-11-01T23:31:03.698Z,"11km SSE of Portola Valley, CA",earthquake,0.24,0.52,0.198,40,reviewed,nc,nc
2018-11-01T04:54:44.880Z,36.0216667,-120.583,1.71,0.47,md,15,142,0.03955,0.03,nc,nc73104651,2018-11-01T18:12:02.393Z,"19km NW of Parkfield, CA",earthquake,0.29,1.49,0.191,2,reviewed,nc,nc
2018-11-01T04:38:38.120Z,38.7270012,-122.8460007,5.97,1.17,md,8,224,0.03735,0.03,nc,nc73104641,2018-11-01T06:28:04.197Z,"10km SW of The Geysers, CA",earthquake,2.39,2.41,0.09,3,automatic,nc,nc
2018-11-01T04:35:00.430Z,36.9553333,-121.5886667,3.96,0.74,md,18,66,0.005303,0.06,nc,nc73104636,2018-11-01T18:42:02.567Z,"6km SSW of Gilroy, CA",earthquake,0.21,0.33,0.246,13,reviewed,nc,nc
2018-11-01T04:31:37.660Z,33.503,-116.7946667,2.2,0.32,ml,16,74,0.01048,0.15,ci,ci37410218,2018-11-01T16:01:26.797Z,"9km NE of Aguanga, CA",earthquake,0.28,0.31,0.114,8,reviewed,ci,ci
2018-11-01T04:30:19.450Z,34.028,-106.3334,7.85,3.4,ml,,36,0.272,0.74,us,us2000i53p,2018-11-01T04:50:18.040Z,"51km E of Socorro, New Mexico",earthquake,4.9,6.6,0.148,6,reviewed,us,us
2018-11-01T04:29:47.040Z,33.4931667,-116.7993333,2.71,1.34,ml,56,33,0.01917,0.2,ci,ci37410210,2018-11-01T16:02:17.730Z,"8km NE of Aguanga, CA",earthquake,0.18,0.43,0.138,28,reviewed,ci,ci
2018-11-01T04:27:40.880Z,40.1777,-14.7949,10,5,mb,,95,4.888,0.99,us,us2000i53n,2018-11-01T22:11:18.339Z,"North Atlantic Ocean",earthquake,8.3,1.9,0.045,155,reviewed,us,us
2018-11-01T04:22:20.520Z,49.3047,-129.368,10,4.9,mb,,152,1.556,1.41,us,us2000i53f,2018-11-01T23:24:53.509Z,"208km SW of Port Hardy, Canada",earthquake,7.5,1.9,0.028,406,reviewed,us,us
2018-11-01T04:21:11.470Z,18.0108,-67.1063,18,2.32,md,6,151,0.0055,0.1,pr,pr2018305002,2018-11-01T08:15:10.370Z,"4km SW of Palmarejo, Puerto Rico",earthquake,1.15,0.62,0.24,6,reviewed,pr,pr
2018-11-01T04:19:12.350Z,37.634,-118.9556667,4.81,0.28,md,17,68,0.01717,0.06,nc,nc73104621,2018-11-01T16:15:50.390Z,"2km E of Mammoth Lakes, CA",earthquake,0.24,0.36,0.184,16,reviewed,nc,nc
2018-11-01T04:08:19.350Z,33.5098333,-116.7958333,3.86,0.9,ml,40,36,0.004543,0.19,ci,ci37410194,2018-11-01T16:03:23.160Z,"10km NE of Aguanga, CA",earthquake,0.19,0.48,0.116,26,reviewed,ci,ci
2018-11-01T04:00:07.849Z,37.3714,-117.1347,12.7,0.8,ml,18,103.36,0.399,0.1871,nn,nn00663658,2018-11-01T16:53:19.855Z,"38km SSE of Goldfield, Nevada",earthquake,,1.8,0.26,11,reviewed,nn,nn
2018-11-01T03:58:48.690Z,63.1904,-150.4191,111,1.8,ml,,,,0.38,ak,ak20307960,2018-11-01T04:04:30.650Z,"76km WSW of Cantwell, Alaska",earthquake,,0.9,,,automatic,ak,ak
2018-11-01T03:31:03.025Z,63.286,-151.0994,3,2,ml,,,,0.82,ak,ak20307821,2018-11-01T03:36:14.316Z,"108km W of Cantwell, Alaska",earthquake,,0.2,,,automatic,ak,ak
2018-11-01T03:06:44.490Z,38.835,-122.8256667,2.25,0.57,md,15,69,0.008466,0.04,nc,nc73104616,2018-11-01T17:18:59.205Z,"9km NW of The Geysers, CA",earthquake,0.29,0.74,,1,reviewed,nc,nc
2018-11-01T03:02:22.400Z,36.7341,-116.172,4.7,-0.4,ml,7,97.46,0.033,0.1135,nn,nn00663650,2018-11-01T16:37:47.614Z,"55km ESE of Beatty, Nevada",earthquake,,2.5,0.11,3,reviewed,nn,nn
2018-11-01T02:56:21.950Z,38.8354988,-122.8261642,1.51,1.22,md,16,72,0.007908,0.03,nc,nc73104591,2018-11-01T05:42:02.901Z,"9km NW of The Geysers, CA",earthquake,0.25,0.58,0.01,3,automatic,nc,nc
2018-11-01T02:48:13.330Z,46.8116667,-112.7991667,7.74,1.56,ml,12,88,0.174,0.18,mb,mb80317709,2018-11-01T14:52:32.200Z,"18km SSW of Lincoln, Montana",earthquake,0.55,1.51,0.038,3,reviewed,mb,mb
2018-11-01T02:47:17.400Z,47.3963333333333,-121.809166666667,17.82,0.75,ml,4,173,,0.15,uw,uw61501872,2018-11-01T05:52:41.000Z,"8km SSW of Riverbend, Washington",earthquake,2.5,0.93,0.179780885809476,3,reviewed,uw,uw
2018-11-01T02:44:49.150Z,37.4141,20.5509,10,4.9,mwr,,134,2.37,1.1,us,us2000i529,2018-11-01T02:57:49.040Z,"41km SW of Lithakia, Greece",earthquake,7.1,2,0.078,16,reviewed,us,us
2018-11-01T02:33:32.415Z,61.174,-139.9012,0.5,1.4,ml,,,,0.47,ak,ak20307681,2018-11-01T02:38:03.331Z,"137km WNW of Haines Junction, Canada",earthquake,,0.4,,,automatic,ak,ak
2018-11-01T02:24:59.030Z,33.4881667,-116.7863333,4.89,0.01,ml,18,86,0.02683,0.09,ci,ci37410170,2018-11-01T16:32:08.570Z,"9km NE of Aguanga, CA",earthquake,0.19,0.41,0.038,6,reviewed,ci,ci
2018-11-01T02:23:12.610Z,37.491,-118.8566667,6.54,0.63,md,16,292,0.1013,0.03,nc,nc73104581,2018-11-01T16:57:03.952Z,"18km WSW of Toms Place, CA",earthquake,2.14,1.78,0.168,14,reviewed,nc,nc
2018-11-01T02:23:06.630Z,18.0143,-67.0996,10,1.67,md,3,134,0.0127,0.48,pr,pr2018305001,2018-11-01T04:01:10.848Z,"3km SW of Palmarejo, Puerto Rico",earthquake,4.11,3.29,0.01,2,reviewed,pr,pr
2018-11-01T02:21:15.130Z,46.5351666666667,-121.4155,2.9,1.15,ml,12,127,,0.18,uw,uw61501867,2018-11-01T05:48:09.790Z,"21km ESE of Packwood, Washington",earthquake,0.56,0.99,0.167289068599453,6,reviewed,uw,uw
2018-11-01T02:17:12.604Z,62.9782,-149.5243,59,2.1,ml,,,,0.54,ak,ak20307675,2018-11-01T02:22:07.254Z,"54km SSW of Cantwell, Alaska",earthquake,,0.7,,,automatic,ak,ak
2018-11-01T02:04:33.900Z,36.9523333,-121.5688333,5.05,1.19,md,21,79,0.01099,0.11,nc,nc73104576,2018-11-01T23:20:03.638Z,"6km S of Gilroy, CA",earthquake,0.25,0.52,0.208,18,reviewed,nc,nc
2018-11-01T01:57:18.990Z,32.9273333,-116.3118333,4.75,1.41,ml,57,60,0.09938,0.16,ci,ci37410162,2018-11-01T19:44:57.220Z,"24km ENE of Pine Valley, CA",earthquake,0.15,0.69,0.14,25,reviewed,ci,ci
2018-11-01T01:55:51.542Z,61.8481,-157.7095,9,1.6,ml,,,,1.06,ak,ak20307672,2018-11-01T01:59:39.026Z,"114km ESE of Holy Cross, Alaska",earthquake,,0.4,,,automatic,ak,ak
2018-11-01T01:55:27.385Z,61.0099,-148.1781,12,2.1,ml,,,,0.6,ak,ak20307670,2018-11-01T01:59:38.796Z,"38km NE of Whittier, Alaska",earthquake,,0.3,,,automatic,ak,ak
2018-11-01T01:54:08.900Z,32.9273333,-116.3105,5.53,0.82,ml,28,83,0.1004,0.18,ci,ci37410154,2018-11-01T16:30:08.380Z,"24km ENE of Pine Valley, CA",earthquake,0.22,1.17,0.094,13,reviewed,ci,ci
2018-11-01T01:51:22.660Z,36.3846667,-117.8186667,1.37,1.86,ml,31,79,0.1659,0.15,ci,ci37410146,2018-11-01T19:53:07.370Z,"20km NE of Olancha, CA",earthquake,0.21,0.83,0.129,23,reviewed,ci,ci
2018-11-01T01:34:09.980Z,33.5366667,-116.4515,6.21,0.88,ml,52,43,0.02529,0.15,ci,ci37410130,2018-11-01T16:25:01.660Z,"19km SW of La Quinta, CA",earthquake,0.15,0.3,0.134,23,reviewed,ci,ci
2018-11-01T01:19:07.120Z,38.8363342,-122.8246689,1.86,0.93,md,14,68,0.008744,0.04,nc,nc73104561,2018-11-01T01:49:02.213Z,"9km NW of The Geysers, CA",earthquake,0.32,0.49,0.09,3,automatic,nc,nc
2018-11-01T01:15:53.202Z,61.6101,-149.8648,33.5,1.1,ml,,,,0.39,ak,ak20307529,2018-11-01T01:18:44.451Z,"3km SW of Houston, Alaska",earthquake,,0.3,,,automatic,ak,ak
2018-11-01T01:07:52.060Z,38.8395004,-122.8261642,1.06,1.05,md,10,94,0.007337,0.04,nc,nc73104556,2018-11-01T01:09:29.188Z,"9km WNW of Cobb, CA",earthquake,0.34,0.5,,1,automatic,nc,nc
2018-11-01T01:07:20.290Z,33.497,-116.7873333,4.61,0.17,ml,14,121,0.0188,0.08,ci,ci37410114,2018-11-01T16:18:41.667Z,"9km NE of Aguanga, CA",earthquake,0.19,0.24,0.153,5,reviewed,ci,ci
2018-11-01T01:06:31.520Z,38.8364983,-122.8258362,1.6,0.91,md,13,79,0.007821,0.04,nc,nc73104551,2018-11-01T01:08:09.379Z,"9km NW of The Geysers, CA",earthquake,0.32,0.56,0.14,3,automatic,nc,nc
2018-11-01T01:05:19.190Z,-55.8983,-26.652,10,5,mb,,102,5.875,0.72,us,us2000i51r,2018-11-01T01:52:05.040Z,"95km NNE of Visokoi Island, South Georgia and the South Sandwich Islands",earthquake,8.2,1.8,0.099,33,reviewed,us,us
2018-11-01T01:04:54.140Z,38.8344994,-122.8273315,1.87,1.8,md,23,127,0.007566,0.03,nc,nc73104546,2018-11-01T01:28:03.959Z,"9km NW of The Geysers, CA",earthquake,0.26,0.35,0.13,6,automatic,nc,nc
2018-11-01T01:04:25.320Z,38.8361667,-122.8245,1.86,2.14,md,51,35,0.008915,0.05,nc,nc73104541,2018-11-01T23:10:05.579Z,"9km NW of The Geysers, CA",earthquake,0.11,0.17,0.222,29,reviewed,nc,nc
2018-11-01T00:57:11.410Z,33.4926667,-116.7918333,4.42,0.49,ml,20,57,0.0209,0.16,ci,ci37410106,2018-11-01T16:02:33.933Z,"9km NE of Aguanga, CA",earthquake,0.27,0.44,0.119,14,reviewed,ci,ci
2018-11-01T00:52:37.860Z,32.8626,-100.9207,3.69,2.4,mb_lg,,51,0.034,0.3,us,us2000i50z,2018-11-01T18:25:42.766Z,"16km N of Snyder, Texas",earthquake,4.6,3.1,0.088,34,reviewed,us,us
2018-11-01T00:52:13.209Z,58.3644,-154.5029,10,1.3,ml,,,,1.32,ak,ak20307528,2018-11-01T00:55:26.406Z,"96km NNW of Larsen Bay, Alaska",earthquake,,0.3,,,automatic,ak,ak
2018-11-01T00:49:10.410Z,61.3141,-147.1605,16.3,1.5,ml,,,,0.69,ak,ak20307526,2018-11-01T00:53:15.416Z,"48km WNW of Valdez, Alaska",earthquake,,0.2,,,automatic,ak,ak
2018-11-01T00:39:15.340Z,39.9306,20.2476,10,4,mb,,90,0.41,0.56,us,us2000i50u,2018-11-01T02:09:50.040Z,"11km S of Libohove, Albania",earthquake,4.6,2,0.299,3,reviewed,us,us
2018-11-01T00:37:09.410Z,33.4858333,-116.7805,4.54,0.53,ml,26,40,0.03123,0.15,ci,ci37410098,2018-11-01T16:02:50.468Z,"9km ENE of Aguanga, CA",earthquake,0.23,0.41,0.079,15,reviewed,ci,ci
2018-11-01T00:31:33.533Z,63.1321,-150.2407,87.9,1.8,ml,,,,0.57,ak,ak20307520,2018-11-01T00:38:49.992Z,"70km WSW of Cantwell, Alaska",earthquake,,0.8,,,automatic,ak,ak
2018-11-01T00:23:57.909Z,39.2442,-120.0883,7.9,-0.4,ml,3,180.95,0.047,0.0298,nn,nn00663656,2018-11-01T03:47:37.850Z,"3km W of Tahoe Vista, California",earthquake,,5.2,0.17,2,reviewed,nn,nn
2018-11-01T00:21:18.163Z,69.498,-144.0648,0.7,3.3,ml,,,,0.94,ak,ak20307512,2018-11-01T17:24:07.729Z,"68km SSW of Kaktovik, Alaska",earthquake,,1.9,,,reviewed,ak,ak
2018-11-01T00:15:28.730Z,34.1261667,-117.7815,6.41,1.1,ml,42,80,0.03627,0.18,ci,ci37410082,2018-11-01T16:12:45.300Z,"3km NNW of La Verne, CA",earthquake,0.21,0.5,0.141,20,reviewed,ci,ci
2018-11-01T00:14:45.524Z,39.2286,-120.0965,8.2,-0.3,ml,4,114.15,0.031,0.0514,nn,nn00663655,2018-11-01T03:44:33.258Z,"4km WSW of Tahoe Vista, California",earthquake,,2.2,0,2,reviewed,nn,nn
2018-11-01T00:10:21.340Z,17.9443,-65.1171,13,2.87,md,4,347,0.758,0.3,pr,pr2018305000,2018-11-01T04:00:08.984Z,"41km ESE of Vieques, Puerto Rico",earthquake,14.86,21.51,0.36,3,reviewed,pr,pr
2018-11-01T00:04:14.066Z,36.7259,-116.2191,4,-0.1,ml,5,303.47,0.006,0.0349,nn,nn00663734,2018-11-01T18:38:18.891Z,"52km ESE of Beatty, Nevada",earthquake,,2,0.03,2,reviewed,nn,nn
